"LOCATION","INDICATOR","SUBJECT","MEASURE","FREQUENCY","TIME","Value","Flag Codes"
"AUT","GGEXP","TOT","PC_GDP","A","1995",55.8060741611047,
"AUT","GGEXP","TOT","PC_GDP","A","1996",55.6243949300562,
"AUT","GGEXP","TOT","PC_GDP","A","1997",52.2721092458099,
"AUT","GGEXP","TOT","PC_GDP","A","1998",52.2242426288898,
"AUT","GGEXP","TOT","PC_GDP","A","1999",52.0615148605415,
"AUT","GGEXP","TOT","PC_GDP","A","2000",51.0329883250733,
"AUT","GGEXP","TOT","PC_GDP","A","2001",51.3557097451229,
"AUT","GGEXP","TOT","PC_GDP","A","2002",51.0543046642687,
"AUT","GGEXP","TOT","PC_GDP","A","2003",51.2709948820521,
"AUT","GGEXP","TOT","PC_GDP","A","2004",53.7051142847075,
"AUT","GGEXP","TOT","PC_GDP","A","2005",51.1555228390606,
"AUT","GGEXP","TOT","PC_GDP","A","2006",50.3799335721589,
"AUT","GGEXP","TOT","PC_GDP","A","2007",49.244122704307,
"AUT","GGEXP","TOT","PC_GDP","A","2008",49.8739846837189,
"AUT","GGEXP","TOT","PC_GDP","A","2009",54.1447935631505,
"AUT","GGEXP","TOT","PC_GDP","A","2010",52.8397855413296,
"AUT","GGEXP","TOT","PC_GDP","A","2011",50.8969148481795,
"AUT","GGEXP","TOT","PC_GDP","A","2012",51.2130309505285,
"AUT","GGEXP","TOT","PC_GDP","A","2013",51.6476665446164,
"AUT","GGEXP","TOT","PC_GDP","A","2014",52.4309231683267,
"AUT","GGEXP","TOT","PC_GDP","A","2015",51.1314850879935,
"AUT","GGEXP","TOT","PC_GDP","A","2016",50.0713225195357,
"AUT","GGEXP","TOT","PC_GDP","A","2017",49.2988840456109,
"AUT","GGEXP","TOT","PC_GDP","A","2018",48.7576442007818,
"AUT","GGEXP","TOT","PC_GDP","A","2019",48.6085967216922,
"AUT","GGEXP","TOT","PC_GDP","A","2020",56.8016615890176,
"BEL","GGEXP","TOT","PC_GDP","A","1995",52.6445312370094,
"BEL","GGEXP","TOT","PC_GDP","A","1996",53.0522369288679,
"BEL","GGEXP","TOT","PC_GDP","A","1997",51.6019303752987,
"BEL","GGEXP","TOT","PC_GDP","A","1998",50.9595750735737,
"BEL","GGEXP","TOT","PC_GDP","A","1999",50.49688907818,
"BEL","GGEXP","TOT","PC_GDP","A","2000",49.3982675472469,
"BEL","GGEXP","TOT","PC_GDP","A","2001",49.3794803486032,
"BEL","GGEXP","TOT","PC_GDP","A","2002",49.9034787537982,
"BEL","GGEXP","TOT","PC_GDP","A","2003",51.0473676761254,
"BEL","GGEXP","TOT","PC_GDP","A","2004",49.3189299766828,
"BEL","GGEXP","TOT","PC_GDP","A","2005",51.8619677097229,
"BEL","GGEXP","TOT","PC_GDP","A","2006",48.7895027394922,
"BEL","GGEXP","TOT","PC_GDP","A","2007",48.5631029026634,
"BEL","GGEXP","TOT","PC_GDP","A","2008",50.7754949564043,
"BEL","GGEXP","TOT","PC_GDP","A","2009",54.6807137529988,
"BEL","GGEXP","TOT","PC_GDP","A","2010",53.8782139455268,
"BEL","GGEXP","TOT","PC_GDP","A","2011",55.3044968212703,
"BEL","GGEXP","TOT","PC_GDP","A","2012",56.4775993870132,
"BEL","GGEXP","TOT","PC_GDP","A","2013",56.1163968641824,
"BEL","GGEXP","TOT","PC_GDP","A","2014",55.599867296372,
"BEL","GGEXP","TOT","PC_GDP","A","2015",53.7195939346496,
"BEL","GGEXP","TOT","PC_GDP","A","2016",53.1177419921118,
"BEL","GGEXP","TOT","PC_GDP","A","2017",52.0303219794805,
"BEL","GGEXP","TOT","PC_GDP","A","2018",52.2651411539769,
"BEL","GGEXP","TOT","PC_GDP","A","2019",51.8551118260924,
"BEL","GGEXP","TOT","PC_GDP","A","2020",58.9013938524177,
"BEL","GGEXP","TOT","PC_GDP","A","2021",55.4919695264851,
"CZE","GGEXP","TOT","PC_GDP","A","1995",53.2105373280561,
"CZE","GGEXP","TOT","PC_GDP","A","1996",41.6967563297627,
"CZE","GGEXP","TOT","PC_GDP","A","1997",41.5985294953283,
"CZE","GGEXP","TOT","PC_GDP","A","1998",41.881941404714,
"CZE","GGEXP","TOT","PC_GDP","A","1999",41.1693297286309,
"CZE","GGEXP","TOT","PC_GDP","A","2000",40.8469803950821,
"CZE","GGEXP","TOT","PC_GDP","A","2001",43.309865435035,
"CZE","GGEXP","TOT","PC_GDP","A","2002",44.6581954097055,
"CZE","GGEXP","TOT","PC_GDP","A","2003",49.119305020946,
"CZE","GGEXP","TOT","PC_GDP","A","2004",42.3240464184448,
"CZE","GGEXP","TOT","PC_GDP","A","2005",42.3697825755471,
"CZE","GGEXP","TOT","PC_GDP","A","2006",41.4605023505465,
"CZE","GGEXP","TOT","PC_GDP","A","2007",40.4388562035873,
"CZE","GGEXP","TOT","PC_GDP","A","2008",40.8685930257293,
"CZE","GGEXP","TOT","PC_GDP","A","2009",44.3574116409395,
"CZE","GGEXP","TOT","PC_GDP","A","2010",43.6299954669198,
"CZE","GGEXP","TOT","PC_GDP","A","2011",43.1876539605541,
"CZE","GGEXP","TOT","PC_GDP","A","2012",44.6750871625508,
"CZE","GGEXP","TOT","PC_GDP","A","2013",42.6501715863939,
"CZE","GGEXP","TOT","PC_GDP","A","2014",42.6220601845566,
"CZE","GGEXP","TOT","PC_GDP","A","2015",41.934129491687,
"CZE","GGEXP","TOT","PC_GDP","A","2016",39.7510211339762,
"CZE","GGEXP","TOT","PC_GDP","A","2017",38.9800856744313,
"CZE","GGEXP","TOT","PC_GDP","A","2018",40.594622456989,
"CZE","GGEXP","TOT","PC_GDP","A","2019",41.0539034978515,
"CZE","GGEXP","TOT","PC_GDP","A","2020",47.218779880861,
"CZE","GGEXP","TOT","PC_GDP","A","2021",46.5136951016064,
"DNK","GGEXP","TOT","PC_GDP","A","1995",58.5260213251269,
"DNK","GGEXP","TOT","PC_GDP","A","1996",57.9984615720963,
"DNK","GGEXP","TOT","PC_GDP","A","1997",55.9074748096286,
"DNK","GGEXP","TOT","PC_GDP","A","1998",55.3952691635236,
"DNK","GGEXP","TOT","PC_GDP","A","1999",54.5332811905076,
"DNK","GGEXP","TOT","PC_GDP","A","2000",52.6867841519595,
"DNK","GGEXP","TOT","PC_GDP","A","2001",52.8374150263601,
"DNK","GGEXP","TOT","PC_GDP","A","2002",53.2143102731416,
"DNK","GGEXP","TOT","PC_GDP","A","2003",53.6393481727568,
"DNK","GGEXP","TOT","PC_GDP","A","2004",52.9973822762875,
"DNK","GGEXP","TOT","PC_GDP","A","2005",51.2414950522489,
"DNK","GGEXP","TOT","PC_GDP","A","2006",49.8297467010108,
"DNK","GGEXP","TOT","PC_GDP","A","2007",49.5914157506511,
"DNK","GGEXP","TOT","PC_GDP","A","2008",50.4107781068508,
"DNK","GGEXP","TOT","PC_GDP","A","2009",56.5363201461658,
"DNK","GGEXP","TOT","PC_GDP","A","2010",56.6732282890732,
"DNK","GGEXP","TOT","PC_GDP","A","2011",56.4293235080565,
"DNK","GGEXP","TOT","PC_GDP","A","2012",57.9549178731478,
"DNK","GGEXP","TOT","PC_GDP","A","2013",55.8203772455738,
"DNK","GGEXP","TOT","PC_GDP","A","2014",55.2177130612339,
"DNK","GGEXP","TOT","PC_GDP","A","2015",54.5276405252281,
"DNK","GGEXP","TOT","PC_GDP","A","2016",52.4786358907725,
"DNK","GGEXP","TOT","PC_GDP","A","2017",50.5495311810981,
"DNK","GGEXP","TOT","PC_GDP","A","2018",50.5482974485043,
"DNK","GGEXP","TOT","PC_GDP","A","2019",49.6677815860473,
"DNK","GGEXP","TOT","PC_GDP","A","2020",53.536109597429,
"DNK","GGEXP","TOT","PC_GDP","A","2021",50.8037824697248,
"FIN","GGEXP","TOT","PC_GDP","A","1995",61.0508478016012,
"FIN","GGEXP","TOT","PC_GDP","A","1996",59.4966840708051,
"FIN","GGEXP","TOT","PC_GDP","A","1997",56.0650500419649,
"FIN","GGEXP","TOT","PC_GDP","A","1998",52.3224928200276,
"FIN","GGEXP","TOT","PC_GDP","A","1999",50.9801758643512,
"FIN","GGEXP","TOT","PC_GDP","A","2000",47.9449143225693,
"FIN","GGEXP","TOT","PC_GDP","A","2001",47.2771524186188,
"FIN","GGEXP","TOT","PC_GDP","A","2002",48.4698894171841,
"FIN","GGEXP","TOT","PC_GDP","A","2003",49.340028599859,
"FIN","GGEXP","TOT","PC_GDP","A","2004",49.1231937918089,
"FIN","GGEXP","TOT","PC_GDP","A","2005",49.0196554676447,
"FIN","GGEXP","TOT","PC_GDP","A","2006",48.0696599709654,
"FIN","GGEXP","TOT","PC_GDP","A","2007",46.569769928156,
"FIN","GGEXP","TOT","PC_GDP","A","2008",47.8758397034978,
"FIN","GGEXP","TOT","PC_GDP","A","2009",54.091676891503,
"FIN","GGEXP","TOT","PC_GDP","A","2010",53.9068687115651,
"FIN","GGEXP","TOT","PC_GDP","A","2011",53.6576127031586,
"FIN","GGEXP","TOT","PC_GDP","A","2012",55.4405407959729,
"FIN","GGEXP","TOT","PC_GDP","A","2013",56.8233319139981,
"FIN","GGEXP","TOT","PC_GDP","A","2014",57.27680923358,
"FIN","GGEXP","TOT","PC_GDP","A","2015",56.4917094401211,
"FIN","GGEXP","TOT","PC_GDP","A","2016",55.6478084572311,
"FIN","GGEXP","TOT","PC_GDP","A","2017",53.6343188938626,
"FIN","GGEXP","TOT","PC_GDP","A","2018",53.3817066588995,
"FIN","GGEXP","TOT","PC_GDP","A","2019",53.3419773365908,
"FIN","GGEXP","TOT","PC_GDP","A","2020",57.1875078768936,
"FIN","GGEXP","TOT","PC_GDP","A","2021",55.632951653944,
"FRA","GGEXP","TOT","PC_GDP","A","1995",54.8089795965272,
"FRA","GGEXP","TOT","PC_GDP","A","1996",54.8811514486539,
"FRA","GGEXP","TOT","PC_GDP","A","1997",54.53044105828,
"FRA","GGEXP","TOT","PC_GDP","A","1998",52.9244113452514,
"FRA","GGEXP","TOT","PC_GDP","A","1999",52.6299447751212,
"FRA","GGEXP","TOT","PC_GDP","A","2000",51.6523568141162,
"FRA","GGEXP","TOT","PC_GDP","A","2001",51.718372123261,
"FRA","GGEXP","TOT","PC_GDP","A","2002",52.7951687492797,
"FRA","GGEXP","TOT","PC_GDP","A","2003",53.2705655235346,
"FRA","GGEXP","TOT","PC_GDP","A","2004",52.9849139006079,
"FRA","GGEXP","TOT","PC_GDP","A","2005",53.2940899991789,
"FRA","GGEXP","TOT","PC_GDP","A","2006",52.8757661035273,
"FRA","GGEXP","TOT","PC_GDP","A","2007",52.5654180574443,
"FRA","GGEXP","TOT","PC_GDP","A","2008",53.2963089370502,
"FRA","GGEXP","TOT","PC_GDP","A","2009",57.1519018065277,
"FRA","GGEXP","TOT","PC_GDP","A","2010",56.8818351627258,
"FRA","GGEXP","TOT","PC_GDP","A","2011",56.2907330998475,
"FRA","GGEXP","TOT","PC_GDP","A","2012",57.1072728700251,
"FRA","GGEXP","TOT","PC_GDP","A","2013",57.2278620378247,
"FRA","GGEXP","TOT","PC_GDP","A","2014",57.2136489337207,
"FRA","GGEXP","TOT","PC_GDP","A","2015",56.7975720877425,
"FRA","GGEXP","TOT","PC_GDP","A","2016",56.6858493847043,
"FRA","GGEXP","TOT","PC_GDP","A","2017",56.5035377204491,
"FRA","GGEXP","TOT","PC_GDP","A","2018",55.6445504729392,
"FRA","GGEXP","TOT","PC_GDP","A","2019",55.3520112732218,
"FRA","GGEXP","TOT","PC_GDP","A","2020",61.4962157033918,
"FRA","GGEXP","TOT","PC_GDP","A","2021",59.0464118486767,
"DEU","GGEXP","TOT","PC_GDP","A","1995",55.1170425575712,
"DEU","GGEXP","TOT","PC_GDP","A","1996",49.4190633815279,
"DEU","GGEXP","TOT","PC_GDP","A","1997",48.5683400045891,
"DEU","GGEXP","TOT","PC_GDP","A","1998",48.1452725846646,
"DEU","GGEXP","TOT","PC_GDP","A","1999",48.2120729504535,
"DEU","GGEXP","TOT","PC_GDP","A","2000",47.7577533438592,
"DEU","GGEXP","TOT","PC_GDP","A","2001",47.4162501035654,
"DEU","GGEXP","TOT","PC_GDP","A","2002",47.8715447746256,
"DEU","GGEXP","TOT","PC_GDP","A","2003",48.3041911402307,
"DEU","GGEXP","TOT","PC_GDP","A","2004",46.7914979757085,
"DEU","GGEXP","TOT","PC_GDP","A","2005",46.8207978814059,
"DEU","GGEXP","TOT","PC_GDP","A","2006",45.2352960906972,
"DEU","GGEXP","TOT","PC_GDP","A","2007",43.3977315916865,
"DEU","GGEXP","TOT","PC_GDP","A","2008",44.1995059866719,
"DEU","GGEXP","TOT","PC_GDP","A","2009",48.2003328249643,
"DEU","GGEXP","TOT","PC_GDP","A","2010",48.1416315707378,
"DEU","GGEXP","TOT","PC_GDP","A","2011",45.2384205289654,
"DEU","GGEXP","TOT","PC_GDP","A","2012",44.9179874039726,
"DEU","GGEXP","TOT","PC_GDP","A","2013",44.9443861490031,
"DEU","GGEXP","TOT","PC_GDP","A","2014",44.3030234710992,
"DEU","GGEXP","TOT","PC_GDP","A","2015",44.1410953743664,
"DEU","GGEXP","TOT","PC_GDP","A","2016",44.3537263058499,
"DEU","GGEXP","TOT","PC_GDP","A","2017",44.1751551806462,
"DEU","GGEXP","TOT","PC_GDP","A","2018",44.3209971920546,
"DEU","GGEXP","TOT","PC_GDP","A","2019",44.9907867536551,
"DEU","GGEXP","TOT","PC_GDP","A","2020",50.4081716552682,
"DEU","GGEXP","TOT","PC_GDP","A","2021",51.2528354272229,
"GRC","GGEXP","TOT","PC_GDP","A","1995",45.9997243202319,
"GRC","GGEXP","TOT","PC_GDP","A","1996",45.0829903744207,
"GRC","GGEXP","TOT","PC_GDP","A","1997",43.7059062646761,
"GRC","GGEXP","TOT","PC_GDP","A","1998",45.1491671535167,
"GRC","GGEXP","TOT","PC_GDP","A","1999",46.1541124111853,
"GRC","GGEXP","TOT","PC_GDP","A","2000",46.425674015025,
"GRC","GGEXP","TOT","PC_GDP","A","2001",45.9860932174109,
"GRC","GGEXP","TOT","PC_GDP","A","2002",45.7969227893809,
"GRC","GGEXP","TOT","PC_GDP","A","2003",46.5918300277855,
"GRC","GGEXP","TOT","PC_GDP","A","2004",47.6145925039729,
"GRC","GGEXP","TOT","PC_GDP","A","2005",45.561607453273,
"GRC","GGEXP","TOT","PC_GDP","A","2006",45.1167228885365,
"GRC","GGEXP","TOT","PC_GDP","A","2007",47.0694220897065,
"GRC","GGEXP","TOT","PC_GDP","A","2008",50.8454075582449,
"GRC","GGEXP","TOT","PC_GDP","A","2009",54.0844265917986,
"GRC","GGEXP","TOT","PC_GDP","A","2010",52.9572841494473,
"GRC","GGEXP","TOT","PC_GDP","A","2011",55.1202502445778,
"GRC","GGEXP","TOT","PC_GDP","A","2012",56.7170811516573,
"GRC","GGEXP","TOT","PC_GDP","A","2013",62.7769893187825,
"GRC","GGEXP","TOT","PC_GDP","A","2014",50.7306695516911,
"GRC","GGEXP","TOT","PC_GDP","A","2015",54.0548887738615,
"GRC","GGEXP","TOT","PC_GDP","A","2016",49.9466496295268,
"GRC","GGEXP","TOT","PC_GDP","A","2017",48.5411865996592,
"GRC","GGEXP","TOT","PC_GDP","A","2018",48.5259093859575,
"GRC","GGEXP","TOT","PC_GDP","A","2019",47.8191509478284,
"GRC","GGEXP","TOT","PC_GDP","A","2020",59.6913345535773,
"GRC","GGEXP","TOT","PC_GDP","A","2021",57.4477644809249,
"HUN","GGEXP","TOT","PC_GDP","A","1995",55.2298190537007,
"HUN","GGEXP","TOT","PC_GDP","A","1996",51.0840100220364,
"HUN","GGEXP","TOT","PC_GDP","A","1997",49.6011459540713,
"HUN","GGEXP","TOT","PC_GDP","A","1998",50.7941438795544,
"HUN","GGEXP","TOT","PC_GDP","A","1999",49.0211166512253,
"HUN","GGEXP","TOT","PC_GDP","A","2000",47.3470157576689,
"HUN","GGEXP","TOT","PC_GDP","A","2001",47.2523589653672,
"HUN","GGEXP","TOT","PC_GDP","A","2002",50.9948199076292,
"HUN","GGEXP","TOT","PC_GDP","A","2003",49.1216392923141,
"HUN","GGEXP","TOT","PC_GDP","A","2004",48.721720768284,
"HUN","GGEXP","TOT","PC_GDP","A","2005",49.3186756731566,
"HUN","GGEXP","TOT","PC_GDP","A","2006",51.3576379020784,
"HUN","GGEXP","TOT","PC_GDP","A","2007",49.8612068154415,
"HUN","GGEXP","TOT","PC_GDP","A","2008",48.7450763201568,
"HUN","GGEXP","TOT","PC_GDP","A","2009",50.5590371865439,
"HUN","GGEXP","TOT","PC_GDP","A","2010",48.8129729086236,
"HUN","GGEXP","TOT","PC_GDP","A","2011",49.0606030471016,
"HUN","GGEXP","TOT","PC_GDP","A","2012",49.1158369398155,
"HUN","GGEXP","TOT","PC_GDP","A","2013",50.0618626779349,
"HUN","GGEXP","TOT","PC_GDP","A","2014",50.0458211682854,
"HUN","GGEXP","TOT","PC_GDP","A","2015",50.3797073966059,
"HUN","GGEXP","TOT","PC_GDP","A","2016",46.7976062750434,
"HUN","GGEXP","TOT","PC_GDP","A","2017",46.7177305769199,
"HUN","GGEXP","TOT","PC_GDP","A","2018",46.1515852558159,
"HUN","GGEXP","TOT","PC_GDP","A","2019",46.053643113883,
"HUN","GGEXP","TOT","PC_GDP","A","2020",51.0830071611429,
"HUN","GGEXP","TOT","PC_GDP","A","2021",48.4183719418293,
"ISL","GGEXP","TOT","PC_GDP","A","1998",40.8719110179277,
"ISL","GGEXP","TOT","PC_GDP","A","1999",45.3932794984266,
"ISL","GGEXP","TOT","PC_GDP","A","2000",44.8257244442267,
"ISL","GGEXP","TOT","PC_GDP","A","2001",47.4191361659734,
"ISL","GGEXP","TOT","PC_GDP","A","2002",45.4573314837784,
"ISL","GGEXP","TOT","PC_GDP","A","2003",47.7920461095649,
"ISL","GGEXP","TOT","PC_GDP","A","2004",46.6863105749816,
"ISL","GGEXP","TOT","PC_GDP","A","2005",44.9986585135727,
"ISL","GGEXP","TOT","PC_GDP","A","2006",44.838418917091,
"ISL","GGEXP","TOT","PC_GDP","A","2007",44.7470681999801,
"ISL","GGEXP","TOT","PC_GDP","A","2008",63.386027794405,
"ISL","GGEXP","TOT","PC_GDP","A","2009",53.577271156519,
"ISL","GGEXP","TOT","PC_GDP","A","2010",48.7958181173295,
"ISL","GGEXP","TOT","PC_GDP","A","2011",50.5357472329112,
"ISL","GGEXP","TOT","PC_GDP","A","2012",47.7321608551787,
"ISL","GGEXP","TOT","PC_GDP","A","2013",45.966320087579,
"ISL","GGEXP","TOT","PC_GDP","A","2014",45.8274569001749,
"ISL","GGEXP","TOT","PC_GDP","A","2015",43.4737318379262,
"ISL","GGEXP","TOT","PC_GDP","A","2016",46.4372652654004,
"ISL","GGEXP","TOT","PC_GDP","A","2017",44.409242919999,
"ISL","GGEXP","TOT","PC_GDP","A","2018",43.8428788171243,
"ISL","GGEXP","TOT","PC_GDP","A","2019",43.323366269126,
"ISL","GGEXP","TOT","PC_GDP","A","2020",50.8410228336566,
"ISL","GGEXP","TOT","PC_GDP","A","2021",49.2338666318099,
"IRL","GGEXP","TOT","PC_GDP","A","1995",40.3522429866713,
"IRL","GGEXP","TOT","PC_GDP","A","1996",38.559331702379,
"IRL","GGEXP","TOT","PC_GDP","A","1997",36.0927334541143,
"IRL","GGEXP","TOT","PC_GDP","A","1998",34.1765160515158,
"IRL","GGEXP","TOT","PC_GDP","A","1999",32.5082322338002,
"IRL","GGEXP","TOT","PC_GDP","A","2000",30.5678528449268,
"IRL","GGEXP","TOT","PC_GDP","A","2001",32.1729918954999,
"IRL","GGEXP","TOT","PC_GDP","A","2002",32.8798400840942,
"IRL","GGEXP","TOT","PC_GDP","A","2003",32.6647648801316,
"IRL","GGEXP","TOT","PC_GDP","A","2004",32.8215567311023,
"IRL","GGEXP","TOT","PC_GDP","A","2005",33.0217651133888,
"IRL","GGEXP","TOT","PC_GDP","A","2006",33.5626276336144,
"IRL","GGEXP","TOT","PC_GDP","A","2007",35.6403588907422,
"IRL","GGEXP","TOT","PC_GDP","A","2008",41.5573048022743,
"IRL","GGEXP","TOT","PC_GDP","A","2009",46.8739171816129,
"IRL","GGEXP","TOT","PC_GDP","A","2010",64.8944940448126,
"IRL","GGEXP","TOT","PC_GDP","A","2011",47.2408687280692,
"IRL","GGEXP","TOT","PC_GDP","A","2012",42.5167168249083,
"IRL","GGEXP","TOT","PC_GDP","A","2013",40.6057055469245,
"IRL","GGEXP","TOT","PC_GDP","A","2014",37.5810068580515,
"IRL","GGEXP","TOT","PC_GDP","A","2015",29.0584787404466,
"IRL","GGEXP","TOT","PC_GDP","A","2016",28.0825097685263,
"IRL","GGEXP","TOT","PC_GDP","A","2017",26.1557458448253,
"IRL","GGEXP","TOT","PC_GDP","A","2018",25.3472969629743,
"IRL","GGEXP","TOT","PC_GDP","A","2019",24.2526564106501,
"IRL","GGEXP","TOT","PC_GDP","A","2020",27.3451145494445,
"IRL","GGEXP","TOT","PC_GDP","A","2021",24.8225103512021,
"ITA","GGEXP","TOT","PC_GDP","A","1995",51.6187715736369,
"ITA","GGEXP","TOT","PC_GDP","A","1996",51.4891535078791,
"ITA","GGEXP","TOT","PC_GDP","A","1997",49.4918649786109,
"ITA","GGEXP","TOT","PC_GDP","A","1998",48.1501569864709,
"ITA","GGEXP","TOT","PC_GDP","A","1999",47.2138225817226,
"ITA","GGEXP","TOT","PC_GDP","A","2000",46.5356421185797,
"ITA","GGEXP","TOT","PC_GDP","A","2001",47.3395122352195,
"ITA","GGEXP","TOT","PC_GDP","A","2002",46.6997847597968,
"ITA","GGEXP","TOT","PC_GDP","A","2003",47.1744610212483,
"ITA","GGEXP","TOT","PC_GDP","A","2004",46.8796455875052,
"ITA","GGEXP","TOT","PC_GDP","A","2005",47.2417865324956,
"ITA","GGEXP","TOT","PC_GDP","A","2006",47.793605252521,
"ITA","GGEXP","TOT","PC_GDP","A","2007",46.7836499942595,
"ITA","GGEXP","TOT","PC_GDP","A","2008",47.8336256336175,
"ITA","GGEXP","TOT","PC_GDP","A","2009",51.1109199211111,
"ITA","GGEXP","TOT","PC_GDP","A","2010",49.9277778888007,
"ITA","GGEXP","TOT","PC_GDP","A","2011",49.1744138216223,
"ITA","GGEXP","TOT","PC_GDP","A","2012",50.5900574792994,
"ITA","GGEXP","TOT","PC_GDP","A","2013",50.9515013257159,
"ITA","GGEXP","TOT","PC_GDP","A","2014",50.8554843365415,
"ITA","GGEXP","TOT","PC_GDP","A","2015",50.3171223091119,
"ITA","GGEXP","TOT","PC_GDP","A","2016",49.0783982986541,
"ITA","GGEXP","TOT","PC_GDP","A","2017",48.7633600692114,
"ITA","GGEXP","TOT","PC_GDP","A","2018",48.3938838580659,
"ITA","GGEXP","TOT","PC_GDP","A","2019",48.4713620944776,
"ITA","GGEXP","TOT","PC_GDP","A","2020",56.8157197058884,
"ITA","GGEXP","TOT","PC_GDP","A","2021",55.3388950166617,
"JPN","GGEXP","TOT","PC_GDP","A","2005",35.0100541655493,
"JPN","GGEXP","TOT","PC_GDP","A","2006",34.5572679495234,
"JPN","GGEXP","TOT","PC_GDP","A","2007",34.6774793211044,
"JPN","GGEXP","TOT","PC_GDP","A","2008",36.2797774560374,
"JPN","GGEXP","TOT","PC_GDP","A","2009",40.3331404473769,
"JPN","GGEXP","TOT","PC_GDP","A","2010",39.217685338929,
"JPN","GGEXP","TOT","PC_GDP","A","2011",40.4862891444729,
"JPN","GGEXP","TOT","PC_GDP","A","2012",40.3015776821486,
"JPN","GGEXP","TOT","PC_GDP","A","2013",40.4812182254159,
"JPN","GGEXP","TOT","PC_GDP","A","2014",39.9839055070151,
"JPN","GGEXP","TOT","PC_GDP","A","2015",39.0434366115194,
"JPN","GGEXP","TOT","PC_GDP","A","2016",38.6484903684038,
"JPN","GGEXP","TOT","PC_GDP","A","2017",38.3441607165781,
"JPN","GGEXP","TOT","PC_GDP","A","2018",38.29521615881,
"JPN","GGEXP","TOT","PC_GDP","A","2019",38.9410278488963,
"JPN","GGEXP","TOT","PC_GDP","A","2020",47.1522906331203,
"JPN","GGEXP","TOT","PC_GDP","A","2021",44.4634517536427,
"KOR","GGEXP","TOT","PC_GDP","A","1995",20.996030104204,
"KOR","GGEXP","TOT","PC_GDP","A","1996",21.5207510060591,
"KOR","GGEXP","TOT","PC_GDP","A","1997",22.2504242605836,
"KOR","GGEXP","TOT","PC_GDP","A","1998",25.2561124003728,
"KOR","GGEXP","TOT","PC_GDP","A","1999",24.5339190096254,
"KOR","GGEXP","TOT","PC_GDP","A","2000",23.5670645994134,
"KOR","GGEXP","TOT","PC_GDP","A","2001",25.1774310052611,
"KOR","GGEXP","TOT","PC_GDP","A","2002",24.8435503521989,
"KOR","GGEXP","TOT","PC_GDP","A","2003",31.1110208809778,
"KOR","GGEXP","TOT","PC_GDP","A","2004",28.1422135900785,
"KOR","GGEXP","TOT","PC_GDP","A","2005",27.8974268884424,
"KOR","GGEXP","TOT","PC_GDP","A","2006",28.551409280913,
"KOR","GGEXP","TOT","PC_GDP","A","2007",28.0381902541728,
"KOR","GGEXP","TOT","PC_GDP","A","2008",29.8106810983901,
"KOR","GGEXP","TOT","PC_GDP","A","2009",32.2800549584157,
"KOR","GGEXP","TOT","PC_GDP","A","2010",29.5997115403227,
"KOR","GGEXP","TOT","PC_GDP","A","2011",30.3843831096179,
"KOR","GGEXP","TOT","PC_GDP","A","2012",30.8025337484309,
"KOR","GGEXP","TOT","PC_GDP","A","2013",30.1303135068044,
"KOR","GGEXP","TOT","PC_GDP","A","2014",30.4210447449017,
"KOR","GGEXP","TOT","PC_GDP","A","2015",30.3981965481245,
"KOR","GGEXP","TOT","PC_GDP","A","2016",30.2959892223002,
"KOR","GGEXP","TOT","PC_GDP","A","2017",30.2707275084761,
"KOR","GGEXP","TOT","PC_GDP","A","2018",31.1472450161274,
"KOR","GGEXP","TOT","PC_GDP","A","2019",33.8711376228431,
"KOR","GGEXP","TOT","PC_GDP","A","2020",38.132117760867,
"LUX","GGEXP","TOT","PC_GDP","A","1995",41.3670028972847,
"LUX","GGEXP","TOT","PC_GDP","A","1996",41.6534629523418,
"LUX","GGEXP","TOT","PC_GDP","A","1997",41.5367039767229,
"LUX","GGEXP","TOT","PC_GDP","A","1998",41.9280373556521,
"LUX","GGEXP","TOT","PC_GDP","A","1999",40.1733833845336,
"LUX","GGEXP","TOT","PC_GDP","A","2000",37.9816398893119,
"LUX","GGEXP","TOT","PC_GDP","A","2001",38.1341387307119,
"LUX","GGEXP","TOT","PC_GDP","A","2002",41.759948605207,
"LUX","GGEXP","TOT","PC_GDP","A","2003",43.3376887209112,
"LUX","GGEXP","TOT","PC_GDP","A","2004",43.6758344550025,
"LUX","GGEXP","TOT","PC_GDP","A","2005",43.4404282608235,
"LUX","GGEXP","TOT","PC_GDP","A","2006",39.3920476183718,
"LUX","GGEXP","TOT","PC_GDP","A","2007",37.3854106153985,
"LUX","GGEXP","TOT","PC_GDP","A","2008",37.9237371749086,
"LUX","GGEXP","TOT","PC_GDP","A","2009",42.6946806108145,
"LUX","GGEXP","TOT","PC_GDP","A","2010",42.0187480919559,
"LUX","GGEXP","TOT","PC_GDP","A","2011",41.4985822633997,
"LUX","GGEXP","TOT","PC_GDP","A","2012",41.8125359716382,
"LUX","GGEXP","TOT","PC_GDP","A","2013",41.2362576989038,
"LUX","GGEXP","TOT","PC_GDP","A","2014",40.6061849512163,
"LUX","GGEXP","TOT","PC_GDP","A","2015",40.3776130398884,
"LUX","GGEXP","TOT","PC_GDP","A","2016",40.0469733277436,
"LUX","GGEXP","TOT","PC_GDP","A","2017",41.2773971689008,
"LUX","GGEXP","TOT","PC_GDP","A","2018",42.2996134938439,
"LUX","GGEXP","TOT","PC_GDP","A","2019",43.1292969710192,
"LUX","GGEXP","TOT","PC_GDP","A","2020",46.7314892871268,
"LUX","GGEXP","TOT","PC_GDP","A","2021",42.8884265734014,
"NLD","GGEXP","TOT","PC_GDP","A","1995",53.9552780028342,
"NLD","GGEXP","TOT","PC_GDP","A","1996",47.2162495466086,
"NLD","GGEXP","TOT","PC_GDP","A","1997",45.7224844599318,
"NLD","GGEXP","TOT","PC_GDP","A","1998",44.5521754016663,
"NLD","GGEXP","TOT","PC_GDP","A","1999",43.6014008520499,
"NLD","GGEXP","TOT","PC_GDP","A","2000",42.3732375826038,
"NLD","GGEXP","TOT","PC_GDP","A","2001",43.0894764475047,
"NLD","GGEXP","TOT","PC_GDP","A","2002",43.6768787776596,
"NLD","GGEXP","TOT","PC_GDP","A","2003",44.6964762777637,
"NLD","GGEXP","TOT","PC_GDP","A","2004",43.6506916865362,
"NLD","GGEXP","TOT","PC_GDP","A","2005",42.5849045986171,
"NLD","GGEXP","TOT","PC_GDP","A","2006",43.3890574907706,
"NLD","GGEXP","TOT","PC_GDP","A","2007",42.6976436196844,
"NLD","GGEXP","TOT","PC_GDP","A","2008",43.460733809437,
"NLD","GGEXP","TOT","PC_GDP","A","2009",47.8935474888052,
"NLD","GGEXP","TOT","PC_GDP","A","2010",48.1671248007234,
"NLD","GGEXP","TOT","PC_GDP","A","2011",47.1479598191153,
"NLD","GGEXP","TOT","PC_GDP","A","2012",47.0228158893419,
"NLD","GGEXP","TOT","PC_GDP","A","2013",46.8410796668398,
"NLD","GGEXP","TOT","PC_GDP","A","2014",46.0850854726309,
"NLD","GGEXP","TOT","PC_GDP","A","2015",44.8494800060289,
"NLD","GGEXP","TOT","PC_GDP","A","2016",43.6468799455626,
"NLD","GGEXP","TOT","PC_GDP","A","2017",42.4590799110203,
"NLD","GGEXP","TOT","PC_GDP","A","2018",42.2796506918075,
"NLD","GGEXP","TOT","PC_GDP","A","2019",42.1242105392624,
"NLD","GGEXP","TOT","PC_GDP","A","2020",47.831343452224,
"NLD","GGEXP","TOT","PC_GDP","A","2021",46.6012966569978,
"NOR","GGEXP","TOT","PC_GDP","A","1995",50.6590955813186,
"NOR","GGEXP","TOT","PC_GDP","A","1996",48.2603122108106,
"NOR","GGEXP","TOT","PC_GDP","A","1997",46.6477123381289,
"NOR","GGEXP","TOT","PC_GDP","A","1998",48.9050686997175,
"NOR","GGEXP","TOT","PC_GDP","A","1999",47.5470672495376,
"NOR","GGEXP","TOT","PC_GDP","A","2000",42.4242162885138,
"NOR","GGEXP","TOT","PC_GDP","A","2001",44.1849612543837,
"NOR","GGEXP","TOT","PC_GDP","A","2002",47.1783301495299,
"NOR","GGEXP","TOT","PC_GDP","A","2003",48.3153168053598,
"NOR","GGEXP","TOT","PC_GDP","A","2004",45.4346558086841,
"NOR","GGEXP","TOT","PC_GDP","A","2005",42.4873629827733,
"NOR","GGEXP","TOT","PC_GDP","A","2006",41.1931145228774,
"NOR","GGEXP","TOT","PC_GDP","A","2007",41.7398634058003,
"NOR","GGEXP","TOT","PC_GDP","A","2008",40.575008917989,
"NOR","GGEXP","TOT","PC_GDP","A","2009",46.5000549726352,
"NOR","GGEXP","TOT","PC_GDP","A","2010",45.3903736051884,
"NOR","GGEXP","TOT","PC_GDP","A","2011",44.1831385803544,
"NOR","GGEXP","TOT","PC_GDP","A","2012",43.3108989616582,
"NOR","GGEXP","TOT","PC_GDP","A","2013",44.4078321867763,
"NOR","GGEXP","TOT","PC_GDP","A","2014",46.2508445262916,
"NOR","GGEXP","TOT","PC_GDP","A","2015",49.2803345881675,
"NOR","GGEXP","TOT","PC_GDP","A","2016",51.533819559298,
"NOR","GGEXP","TOT","PC_GDP","A","2017",50.4773649913728,
"NOR","GGEXP","TOT","PC_GDP","A","2018",48.822589268128,
"NOR","GGEXP","TOT","PC_GDP","A","2019",51.5524413747894,
"NOR","GGEXP","TOT","PC_GDP","A","2020",58.4808111895412,
"NOR","GGEXP","TOT","PC_GDP","A","2021",49.1061309810371,
"POL","GGEXP","TOT","PC_GDP","A","1995",47.854865820437,
"POL","GGEXP","TOT","PC_GDP","A","1996",51.123531767991,
"POL","GGEXP","TOT","PC_GDP","A","1997",47.0326188043216,
"POL","GGEXP","TOT","PC_GDP","A","1998",45.0991017998593,
"POL","GGEXP","TOT","PC_GDP","A","1999",43.3467747913362,
"POL","GGEXP","TOT","PC_GDP","A","2000",43.0417257305777,
"POL","GGEXP","TOT","PC_GDP","A","2001",44.8426712114931,
"POL","GGEXP","TOT","PC_GDP","A","2002",45.209021267794,
"POL","GGEXP","TOT","PC_GDP","A","2003",45.6157808752148,
"POL","GGEXP","TOT","PC_GDP","A","2004",43.4564260077527,
"POL","GGEXP","TOT","PC_GDP","A","2005",44.2358636285625,
"POL","GGEXP","TOT","PC_GDP","A","2006",44.4513951811758,
"POL","GGEXP","TOT","PC_GDP","A","2007",42.9003425661132,
"POL","GGEXP","TOT","PC_GDP","A","2008",44.1718893783385,
"POL","GGEXP","TOT","PC_GDP","A","2009",45.0136841529855,
"POL","GGEXP","TOT","PC_GDP","A","2010",46.2446178386579,
"POL","GGEXP","TOT","PC_GDP","A","2011",44.4152156128732,
"POL","GGEXP","TOT","PC_GDP","A","2012",43.4315782032927,
"POL","GGEXP","TOT","PC_GDP","A","2013",43.4149875531094,
"POL","GGEXP","TOT","PC_GDP","A","2014",42.9074659287102,
"POL","GGEXP","TOT","PC_GDP","A","2015",41.7366918899443,
"POL","GGEXP","TOT","PC_GDP","A","2016",41.3341751182411,
"POL","GGEXP","TOT","PC_GDP","A","2017",41.4190647137322,
"POL","GGEXP","TOT","PC_GDP","A","2018",41.4469890985495,
"POL","GGEXP","TOT","PC_GDP","A","2019",41.8758693497727,
"POL","GGEXP","TOT","PC_GDP","A","2020",48.2473931329973,
"POL","GGEXP","TOT","PC_GDP","A","2021",44.2112801015874,
"PRT","GGEXP","TOT","PC_GDP","A","1995",42.6281423386431,
"PRT","GGEXP","TOT","PC_GDP","A","1996",43.1491610989369,
"PRT","GGEXP","TOT","PC_GDP","A","1997",42.4590759238455,
"PRT","GGEXP","TOT","PC_GDP","A","1998",42.7106205244006,
"PRT","GGEXP","TOT","PC_GDP","A","1999",42.5654541904172,
"PRT","GGEXP","TOT","PC_GDP","A","2000",42.6613143093053,
"PRT","GGEXP","TOT","PC_GDP","A","2001",44.1303008862257,
"PRT","GGEXP","TOT","PC_GDP","A","2002",43.7341112696153,
"PRT","GGEXP","TOT","PC_GDP","A","2003",45.3674551727869,
"PRT","GGEXP","TOT","PC_GDP","A","2004",46.2325223436848,
"PRT","GGEXP","TOT","PC_GDP","A","2005",46.7635859430061,
"PRT","GGEXP","TOT","PC_GDP","A","2006",45.2457643434171,
"PRT","GGEXP","TOT","PC_GDP","A","2007",44.5129679245275,
"PRT","GGEXP","TOT","PC_GDP","A","2008",45.3407085845306,
"PRT","GGEXP","TOT","PC_GDP","A","2009",50.222984519974,
"PRT","GGEXP","TOT","PC_GDP","A","2010",51.8986446798942,
"PRT","GGEXP","TOT","PC_GDP","A","2011",50.0228082755985,
"PRT","GGEXP","TOT","PC_GDP","A","2012",48.8888510190069,
"PRT","GGEXP","TOT","PC_GDP","A","2013",49.9214718058565,
"PRT","GGEXP","TOT","PC_GDP","A","2014",51.7351808462727,
"PRT","GGEXP","TOT","PC_GDP","A","2015",48.2476578134159,
"PRT","GGEXP","TOT","PC_GDP","A","2016",44.8367122855843,
"PRT","GGEXP","TOT","PC_GDP","A","2017",45.3680202948539,
"PRT","GGEXP","TOT","PC_GDP","A","2018",43.2404165928549,
"PRT","GGEXP","TOT","PC_GDP","A","2019",42.451000029761,
"PRT","GGEXP","TOT","PC_GDP","A","2020",49.2438768564906,
"PRT","GGEXP","TOT","PC_GDP","A","2021",47.8093040419106,
"SVK","GGEXP","TOT","PC_GDP","A","1995",48.3676107786273,
"SVK","GGEXP","TOT","PC_GDP","A","1996",53.270220916455,
"SVK","GGEXP","TOT","PC_GDP","A","1997",48.7100340687855,
"SVK","GGEXP","TOT","PC_GDP","A","1998",45.8508021442671,
"SVK","GGEXP","TOT","PC_GDP","A","1999",47.9658821897045,
"SVK","GGEXP","TOT","PC_GDP","A","2000",52.7724792092446,
"SVK","GGEXP","TOT","PC_GDP","A","2001",45.3066223804273,
"SVK","GGEXP","TOT","PC_GDP","A","2002",45.447059296267,
"SVK","GGEXP","TOT","PC_GDP","A","2003",40.3793459602621,
"SVK","GGEXP","TOT","PC_GDP","A","2004",37.9220406276485,
"SVK","GGEXP","TOT","PC_GDP","A","2005",39.7260299478284,
"SVK","GGEXP","TOT","PC_GDP","A","2006",38.8207537336041,
"SVK","GGEXP","TOT","PC_GDP","A","2007",36.3806531356981,
"SVK","GGEXP","TOT","PC_GDP","A","2008",36.9943467709407,
"SVK","GGEXP","TOT","PC_GDP","A","2009",44.4075661513873,
"SVK","GGEXP","TOT","PC_GDP","A","2010",42.1401909900403,
"SVK","GGEXP","TOT","PC_GDP","A","2011",41.3544753655198,
"SVK","GGEXP","TOT","PC_GDP","A","2012",41.1088600663005,
"SVK","GGEXP","TOT","PC_GDP","A","2013",42.4742431123505,
"SVK","GGEXP","TOT","PC_GDP","A","2014",43.2568474921014,
"SVK","GGEXP","TOT","PC_GDP","A","2015",45.5635101334338,
"SVK","GGEXP","TOT","PC_GDP","A","2016",42.5457407061968,
"SVK","GGEXP","TOT","PC_GDP","A","2017",39.4948961600594,
"SVK","GGEXP","TOT","PC_GDP","A","2018",39.6695763956601,
"SVK","GGEXP","TOT","PC_GDP","A","2019",40.5294791687745,
"SVK","GGEXP","TOT","PC_GDP","A","2020",44.7651842625833,
"SVK","GGEXP","TOT","PC_GDP","A","2021",46.3408329067916,
"ESP","GGEXP","TOT","PC_GDP","A","1995",44.0999331289569,
"ESP","GGEXP","TOT","PC_GDP","A","1996",42.8490831004716,
"ESP","GGEXP","TOT","PC_GDP","A","1997",41.4708782362865,
"ESP","GGEXP","TOT","PC_GDP","A","1998",40.9463788213161,
"ESP","GGEXP","TOT","PC_GDP","A","1999",39.926442323026,
"ESP","GGEXP","TOT","PC_GDP","A","2000",39.1066773069734,
"ESP","GGEXP","TOT","PC_GDP","A","2001",38.4132223859582,
"ESP","GGEXP","TOT","PC_GDP","A","2002",38.6373460413687,
"ESP","GGEXP","TOT","PC_GDP","A","2003",38.3751773102687,
"ESP","GGEXP","TOT","PC_GDP","A","2004",38.8319329979975,
"ESP","GGEXP","TOT","PC_GDP","A","2005",38.4810811801712,
"ESP","GGEXP","TOT","PC_GDP","A","2006",38.4357600891791,
"ESP","GGEXP","TOT","PC_GDP","A","2007",39.2551083689201,
"ESP","GGEXP","TOT","PC_GDP","A","2008",41.4426325841046,
"ESP","GGEXP","TOT","PC_GDP","A","2009",46.2306524782503,
"ESP","GGEXP","TOT","PC_GDP","A","2010",46.0343858399622,
"ESP","GGEXP","TOT","PC_GDP","A","2011",46.1546415883989,
"ESP","GGEXP","TOT","PC_GDP","A","2012",49.4704704860034,
"ESP","GGEXP","TOT","PC_GDP","A","2013",46.387348789088,
"ESP","GGEXP","TOT","PC_GDP","A","2014",45.3330789612321,
"ESP","GGEXP","TOT","PC_GDP","A","2015",44.0482815937786,
"ESP","GGEXP","TOT","PC_GDP","A","2016",42.4622673677788,
"ESP","GGEXP","TOT","PC_GDP","A","2017",41.3134025868565,
"ESP","GGEXP","TOT","PC_GDP","A","2018",41.8125378470402,
"ESP","GGEXP","TOT","PC_GDP","A","2019",42.2839424397818,
"ESP","GGEXP","TOT","PC_GDP","A","2020",51.9478277514358,
"ESP","GGEXP","TOT","PC_GDP","A","2021",50.616733590644,
"SWE","GGEXP","TOT","PC_GDP","A","1995",63.0328833059835,
"SWE","GGEXP","TOT","PC_GDP","A","1996",60.9696519279465,
"SWE","GGEXP","TOT","PC_GDP","A","1997",58.7391300312758,
"SWE","GGEXP","TOT","PC_GDP","A","1998",56.4143796405322,
"SWE","GGEXP","TOT","PC_GDP","A","1999",56.0297355612336,
"SWE","GGEXP","TOT","PC_GDP","A","2000",53.0512829137376,
"SWE","GGEXP","TOT","PC_GDP","A","2001",52.5220960238939,
"SWE","GGEXP","TOT","PC_GDP","A","2002",53.617045678465,
"SWE","GGEXP","TOT","PC_GDP","A","2003",53.7857062803698,
"SWE","GGEXP","TOT","PC_GDP","A","2004",52.4605380408552,
"SWE","GGEXP","TOT","PC_GDP","A","2005",52.297391580251,
"SWE","GGEXP","TOT","PC_GDP","A","2006",51.0989637591185,
"SWE","GGEXP","TOT","PC_GDP","A","2007",49.3266226502721,
"SWE","GGEXP","TOT","PC_GDP","A","2008",50.0234302673336,
"SWE","GGEXP","TOT","PC_GDP","A","2009",52.3866361663455,
"SWE","GGEXP","TOT","PC_GDP","A","2010",50.4432108856634,
"SWE","GGEXP","TOT","PC_GDP","A","2011",49.7899758711662,
"SWE","GGEXP","TOT","PC_GDP","A","2012",50.9951948739623,
"SWE","GGEXP","TOT","PC_GDP","A","2013",51.6593240694792,
"SWE","GGEXP","TOT","PC_GDP","A","2014",50.7025268425363,
"SWE","GGEXP","TOT","PC_GDP","A","2015",49.33925130326,
"SWE","GGEXP","TOT","PC_GDP","A","2016",49.7119272775208,
"SWE","GGEXP","TOT","PC_GDP","A","2017",49.2346101506261,
"SWE","GGEXP","TOT","PC_GDP","A","2018",49.8511693335095,
"SWE","GGEXP","TOT","PC_GDP","A","2019",49.1359249083941,
"SWE","GGEXP","TOT","PC_GDP","A","2020",52.0699258395987,
"SWE","GGEXP","TOT","PC_GDP","A","2021",49.4104949798976,
"CHE","GGEXP","TOT","PC_GDP","A","1995",33.3473415888351,
"CHE","GGEXP","TOT","PC_GDP","A","1996",33.9654141705372,
"CHE","GGEXP","TOT","PC_GDP","A","1997",33.9591169119936,
"CHE","GGEXP","TOT","PC_GDP","A","1998",33.6864749491125,
"CHE","GGEXP","TOT","PC_GDP","A","1999",34.3390432264788,
"CHE","GGEXP","TOT","PC_GDP","A","2000",33.2988605912298,
"CHE","GGEXP","TOT","PC_GDP","A","2001",32.6025131775416,
"CHE","GGEXP","TOT","PC_GDP","A","2002",35.0542570876248,
"CHE","GGEXP","TOT","PC_GDP","A","2003",34.2069791001903,
"CHE","GGEXP","TOT","PC_GDP","A","2004",33.9289576765783,
"CHE","GGEXP","TOT","PC_GDP","A","2005",33.2502985797864,
"CHE","GGEXP","TOT","PC_GDP","A","2006",31.3904216819176,
"CHE","GGEXP","TOT","PC_GDP","A","2007",30.2637128715864,
"CHE","GGEXP","TOT","PC_GDP","A","2008",30.8041963083881,
"CHE","GGEXP","TOT","PC_GDP","A","2009",32.6897092776034,
"CHE","GGEXP","TOT","PC_GDP","A","2010",32.3633479788559,
"CHE","GGEXP","TOT","PC_GDP","A","2011",32.3642332429474,
"CHE","GGEXP","TOT","PC_GDP","A","2012",32.689124818623,
"CHE","GGEXP","TOT","PC_GDP","A","2013",33.6293730214713,
"CHE","GGEXP","TOT","PC_GDP","A","2014",33.2660603273322,
"CHE","GGEXP","TOT","PC_GDP","A","2015",33.6137537232657,
"CHE","GGEXP","TOT","PC_GDP","A","2016",33.6720885349219,
"CHE","GGEXP","TOT","PC_GDP","A","2017",33.7064897977345,
"CHE","GGEXP","TOT","PC_GDP","A","2018",32.976169343675,
"CHE","GGEXP","TOT","PC_GDP","A","2019",33.2390189049783,
"CHE","GGEXP","TOT","PC_GDP","A","2020",38.3991785139141,
"GBR","GGEXP","TOT","PC_GDP","A","1995",38.2869307225491,
"GBR","GGEXP","TOT","PC_GDP","A","1996",36.7235184766554,
"GBR","GGEXP","TOT","PC_GDP","A","1997",35.8648024219248,
"GBR","GGEXP","TOT","PC_GDP","A","1998",35.4804137989005,
"GBR","GGEXP","TOT","PC_GDP","A","1999",35.0424747402193,
"GBR","GGEXP","TOT","PC_GDP","A","2000",35.2200395407318,
"GBR","GGEXP","TOT","PC_GDP","A","2001",36.2649663020825,
"GBR","GGEXP","TOT","PC_GDP","A","2002",37.6498827123452,
"GBR","GGEXP","TOT","PC_GDP","A","2003",38.8455752475837,
"GBR","GGEXP","TOT","PC_GDP","A","2004",40.0599960707863,
"GBR","GGEXP","TOT","PC_GDP","A","2005",41.2191537413469,
"GBR","GGEXP","TOT","PC_GDP","A","2006",40.8478331274948,
"GBR","GGEXP","TOT","PC_GDP","A","2007",41.0828235622904,
"GBR","GGEXP","TOT","PC_GDP","A","2008",44.3115071638772,
"GBR","GGEXP","TOT","PC_GDP","A","2009",47.1917323610945,
"GBR","GGEXP","TOT","PC_GDP","A","2010",47.1412153827166,
"GBR","GGEXP","TOT","PC_GDP","A","2011",45.6382634173191,
"GBR","GGEXP","TOT","PC_GDP","A","2012",45.514962576777,
"GBR","GGEXP","TOT","PC_GDP","A","2013",43.7487375834317,
"GBR","GGEXP","TOT","PC_GDP","A","2014",43.0758733902826,
"GBR","GGEXP","TOT","PC_GDP","A","2015",42.2664156860132,
"GBR","GGEXP","TOT","PC_GDP","A","2016",41.4099599842157,
"GBR","GGEXP","TOT","PC_GDP","A","2017",41.0794107264816,
"GBR","GGEXP","TOT","PC_GDP","A","2018",40.8121312128895,
"GBR","GGEXP","TOT","PC_GDP","A","2019",40.7991518745075,
"GBR","GGEXP","TOT","PC_GDP","A","2020",52.3973333257489,
"GBR","GGEXP","TOT","PC_GDP","A","2021",48.4061639135142,
"USA","GGEXP","TOT","PC_GDP","A","1995",37.8085858579909,
"USA","GGEXP","TOT","PC_GDP","A","1996",37.1235260658764,
"USA","GGEXP","TOT","PC_GDP","A","1997",35.9684526540906,
"USA","GGEXP","TOT","PC_GDP","A","1998",35.1194405668789,
"USA","GGEXP","TOT","PC_GDP","A","1999",34.6483820453004,
"USA","GGEXP","TOT","PC_GDP","A","2000",34.2972542452642,
"USA","GGEXP","TOT","PC_GDP","A","2001",35.6101769346591,
"USA","GGEXP","TOT","PC_GDP","A","2002",36.7361028914711,
"USA","GGEXP","TOT","PC_GDP","A","2003",37.2674028167539,
"USA","GGEXP","TOT","PC_GDP","A","2004",36.8692925938161,
"USA","GGEXP","TOT","PC_GDP","A","2005",36.9546389244675,
"USA","GGEXP","TOT","PC_GDP","A","2006",36.6705608442293,
"USA","GGEXP","TOT","PC_GDP","A","2007",37.372190212839,
"USA","GGEXP","TOT","PC_GDP","A","2008",39.6795796737979,
"USA","GGEXP","TOT","PC_GDP","A","2009",43.193795760166,
"USA","GGEXP","TOT","PC_GDP","A","2010",43.0194780107875,
"USA","GGEXP","TOT","PC_GDP","A","2011",41.9003017423826,
"USA","GGEXP","TOT","PC_GDP","A","2012",40.0909668837829,
"USA","GGEXP","TOT","PC_GDP","A","2013",38.8730982528494,
"USA","GGEXP","TOT","PC_GDP","A","2014",38.2964633236294,
"USA","GGEXP","TOT","PC_GDP","A","2015",37.957337854621,
"USA","GGEXP","TOT","PC_GDP","A","2016",38.3046765287129,
"USA","GGEXP","TOT","PC_GDP","A","2017",38.0583761014147,
"USA","GGEXP","TOT","PC_GDP","A","2018",37.9613920147695,
"USA","GGEXP","TOT","PC_GDP","A","2019",38.453032639857,
"USA","GGEXP","TOT","PC_GDP","A","2020",47.3115551435357,
"USA","GGEXP","TOT","PC_GDP","A","2021",44.9326415378956,
"EST","GGEXP","TOT","PC_GDP","A","1995",39.7010425184152,
"EST","GGEXP","TOT","PC_GDP","A","1996",38.9351000144023,
"EST","GGEXP","TOT","PC_GDP","A","1997",36.74172574237,
"EST","GGEXP","TOT","PC_GDP","A","1998",39.0770889935166,
"EST","GGEXP","TOT","PC_GDP","A","1999",40.1043727212069,
"EST","GGEXP","TOT","PC_GDP","A","2000",36.3663178352987,
"EST","GGEXP","TOT","PC_GDP","A","2001",34.966022803898,
"EST","GGEXP","TOT","PC_GDP","A","2002",35.8743534741735,
"EST","GGEXP","TOT","PC_GDP","A","2003",35.0360328392506,
"EST","GGEXP","TOT","PC_GDP","A","2004",34.0599726755194,
"EST","GGEXP","TOT","PC_GDP","A","2005",33.7177906698667,
"EST","GGEXP","TOT","PC_GDP","A","2006",33.4366821849623,
"EST","GGEXP","TOT","PC_GDP","A","2007",33.7374990277468,
"EST","GGEXP","TOT","PC_GDP","A","2008",39.4504445183948,
"EST","GGEXP","TOT","PC_GDP","A","2009",45.8524347109993,
"EST","GGEXP","TOT","PC_GDP","A","2010",40.2744635940598,
"EST","GGEXP","TOT","PC_GDP","A","2011",37.42462256545,
"EST","GGEXP","TOT","PC_GDP","A","2012",39.2455475894167,
"EST","GGEXP","TOT","PC_GDP","A","2013",38.424106828694,
"EST","GGEXP","TOT","PC_GDP","A","2014",37.7644386091817,
"EST","GGEXP","TOT","PC_GDP","A","2015",39.5247784347652,
"EST","GGEXP","TOT","PC_GDP","A","2016",39.3973493489476,
"EST","GGEXP","TOT","PC_GDP","A","2017",39.2361806440906,
"EST","GGEXP","TOT","PC_GDP","A","2018",39.2712904504626,
"EST","GGEXP","TOT","PC_GDP","A","2019",39.38846906701,
"EST","GGEXP","TOT","PC_GDP","A","2020",44.869862924544,
"EST","GGEXP","TOT","PC_GDP","A","2021",41.4712553534017,
"ISR","GGEXP","TOT","PC_GDP","A","1995",53.0629095417721,
"ISR","GGEXP","TOT","PC_GDP","A","1996",53.5197836840824,
"ISR","GGEXP","TOT","PC_GDP","A","1997",52.5119076959888,
"ISR","GGEXP","TOT","PC_GDP","A","1998",51.0820969684272,
"ISR","GGEXP","TOT","PC_GDP","A","1999",46.5086899136507,
"ISR","GGEXP","TOT","PC_GDP","A","2000",44.3008939342589,
"ISR","GGEXP","TOT","PC_GDP","A","2001",47.0303662455873,
"ISR","GGEXP","TOT","PC_GDP","A","2002",50.9288295677986,
"ISR","GGEXP","TOT","PC_GDP","A","2003",46.2704567836741,
"ISR","GGEXP","TOT","PC_GDP","A","2004",43.76373225567,
"ISR","GGEXP","TOT","PC_GDP","A","2005",43.1421025946311,
"ISR","GGEXP","TOT","PC_GDP","A","2006",42.3548455535423,
"ISR","GGEXP","TOT","PC_GDP","A","2007",40.8923709201056,
"ISR","GGEXP","TOT","PC_GDP","A","2008",42.040096496509,
"ISR","GGEXP","TOT","PC_GDP","A","2009",42.2686302341039,
"ISR","GGEXP","TOT","PC_GDP","A","2010",40.5289615624962,
"ISR","GGEXP","TOT","PC_GDP","A","2011",40.1051073262878,
"ISR","GGEXP","TOT","PC_GDP","A","2012",40.3147765073928,
"ISR","GGEXP","TOT","PC_GDP","A","2013",40.4075172854366,
"ISR","GGEXP","TOT","PC_GDP","A","2014",38.9540550027575,
"ISR","GGEXP","TOT","PC_GDP","A","2015",38.1308646045541,
"ISR","GGEXP","TOT","PC_GDP","A","2016",38.4255243291991,
"ISR","GGEXP","TOT","PC_GDP","A","2017",38.9792522065521,
"ISR","GGEXP","TOT","PC_GDP","A","2018",39.7580037481465,
"ISR","GGEXP","TOT","PC_GDP","A","2019",39.1502478373854,
"ISR","GGEXP","TOT","PC_GDP","A","2020",45.397211258932,
"ISR","GGEXP","TOT","PC_GDP","A","2021",40.8474055407831,
"SVN","GGEXP","TOT","PC_GDP","A","1995",53.1028400619302,
"SVN","GGEXP","TOT","PC_GDP","A","1996",45.1467955118138,
"SVN","GGEXP","TOT","PC_GDP","A","1997",45.3702597256646,
"SVN","GGEXP","TOT","PC_GDP","A","1998",46.2168915143985,
"SVN","GGEXP","TOT","PC_GDP","A","1999",47.0183163648002,
"SVN","GGEXP","TOT","PC_GDP","A","2000",47.533559676072,
"SVN","GGEXP","TOT","PC_GDP","A","2001",48.7115346298873,
"SVN","GGEXP","TOT","PC_GDP","A","2002",47.2612513567679,
"SVN","GGEXP","TOT","PC_GDP","A","2003",47.1546744534735,
"SVN","GGEXP","TOT","PC_GDP","A","2004",46.6272689419109,
"SVN","GGEXP","TOT","PC_GDP","A","2005",46.3937026761151,
"SVN","GGEXP","TOT","PC_GDP","A","2006",45.5390999318586,
"SVN","GGEXP","TOT","PC_GDP","A","2007",43.4098365259883,
"SVN","GGEXP","TOT","PC_GDP","A","2008",45.0525660633084,
"SVN","GGEXP","TOT","PC_GDP","A","2009",49.3609598647029,
"SVN","GGEXP","TOT","PC_GDP","A","2010",50.1759582179419,
"SVN","GGEXP","TOT","PC_GDP","A","2011",50.8564423172344,
"SVN","GGEXP","TOT","PC_GDP","A","2012",49.3545244184824,
"SVN","GGEXP","TOT","PC_GDP","A","2013",60.2672944175773,
"SVN","GGEXP","TOT","PC_GDP","A","2014",50.8422478014186,
"SVN","GGEXP","TOT","PC_GDP","A","2015",48.7104599415624,
"SVN","GGEXP","TOT","PC_GDP","A","2016",46.1626979552528,
"SVN","GGEXP","TOT","PC_GDP","A","2017",44.0699600659137,
"SVN","GGEXP","TOT","PC_GDP","A","2018",43.4692606547852,
"SVN","GGEXP","TOT","PC_GDP","A","2019",43.1784955297933,
"SVN","GGEXP","TOT","PC_GDP","A","2020",51.159823944033,
"SVN","GGEXP","TOT","PC_GDP","A","2021",49.2932817787653,
"AUS","GGEXP","TOT","PC_GDP","A","1998",37.2878137331265,
"AUS","GGEXP","TOT","PC_GDP","A","1999",36.7134831460674,
"AUS","GGEXP","TOT","PC_GDP","A","2000",37.3619315995564,
"AUS","GGEXP","TOT","PC_GDP","A","2001",37.1197591642704,
"AUS","GGEXP","TOT","PC_GDP","A","2002",36.5215138022709,
"AUS","GGEXP","TOT","PC_GDP","A","2003",36.3174775943123,
"AUS","GGEXP","TOT","PC_GDP","A","2004",36.3540434586118,
"AUS","GGEXP","TOT","PC_GDP","A","2005",36.0041605599737,
"AUS","GGEXP","TOT","PC_GDP","A","2006",35.8648110235931,
"AUS","GGEXP","TOT","PC_GDP","A","2007",35.6124268860784,
"AUS","GGEXP","TOT","PC_GDP","A","2008",38.2129472012533,
"AUS","GGEXP","TOT","PC_GDP","A","2009",39.2797793280302,
"AUS","GGEXP","TOT","PC_GDP","A","2010",37.891840330287,
"AUS","GGEXP","TOT","PC_GDP","A","2011",38.4050271434818,
"AUS","GGEXP","TOT","PC_GDP","A","2012",38.2670852809441,
"AUS","GGEXP","TOT","PC_GDP","A","2013",38.5768270552241,
"AUS","GGEXP","TOT","PC_GDP","A","2014",39.190848300227,
"AUS","GGEXP","TOT","PC_GDP","A","2015",39.6101326183774,
"AUS","GGEXP","TOT","PC_GDP","A","2016",38.9351886597211,
"AUS","GGEXP","TOT","PC_GDP","A","2017",39.008973562317,
"AUS","GGEXP","TOT","PC_GDP","A","2018",39.0044657053045,
"AUS","GGEXP","TOT","PC_GDP","A","2019",44.1645773037342,
"AUS","GGEXP","TOT","PC_GDP","A","2020",46.2792350963916,
"LVA","GGEXP","TOT","PC_GDP","A","1995",35.6100023230395,
"LVA","GGEXP","TOT","PC_GDP","A","1996",35.4014828483588,
"LVA","GGEXP","TOT","PC_GDP","A","1997",35.1192664766982,
"LVA","GGEXP","TOT","PC_GDP","A","1998",37.9672649553466,
"LVA","GGEXP","TOT","PC_GDP","A","1999",40.8420261223678,
"LVA","GGEXP","TOT","PC_GDP","A","2000",37.1203859945927,
"LVA","GGEXP","TOT","PC_GDP","A","2001",34.6678013702912,
"LVA","GGEXP","TOT","PC_GDP","A","2002",35.0043092347287,
"LVA","GGEXP","TOT","PC_GDP","A","2003",33.7828032846093,
"LVA","GGEXP","TOT","PC_GDP","A","2004",35.0501675134182,
"LVA","GGEXP","TOT","PC_GDP","A","2005",34.793021369786,
"LVA","GGEXP","TOT","PC_GDP","A","2006",36.479288724713,
"LVA","GGEXP","TOT","PC_GDP","A","2007",34.5390091788894,
"LVA","GGEXP","TOT","PC_GDP","A","2008",38.2809231720486,
"LVA","GGEXP","TOT","PC_GDP","A","2009",45.0715599698695,
"LVA","GGEXP","TOT","PC_GDP","A","2010",45.8276159084652,
"LVA","GGEXP","TOT","PC_GDP","A","2011",42.2796379650918,
"LVA","GGEXP","TOT","PC_GDP","A","2012",38.8109533395471,
"LVA","GGEXP","TOT","PC_GDP","A","2013",38.5330174807607,
"LVA","GGEXP","TOT","PC_GDP","A","2014",38.9227421782338,
"LVA","GGEXP","TOT","PC_GDP","A","2015",38.6365021895134,
"LVA","GGEXP","TOT","PC_GDP","A","2016",37.4921702943055,
"LVA","GGEXP","TOT","PC_GDP","A","2017",38.6715926178623,
"LVA","GGEXP","TOT","PC_GDP","A","2018",39.3836347099476,
"LVA","GGEXP","TOT","PC_GDP","A","2019",38.150250768898,
"LVA","GGEXP","TOT","PC_GDP","A","2020",42.1524428315862,
"LVA","GGEXP","TOT","PC_GDP","A","2021",43.9643966200994,
"COL","GGEXP","TOT","PC_GDP","A","2009",30.1136023797087,
"COL","GGEXP","TOT","PC_GDP","A","2010",29.5101643201118,
"COL","GGEXP","TOT","PC_GDP","A","2011",29.2554557746643,
"COL","GGEXP","TOT","PC_GDP","A","2012",30.3599212011277,
"COL","GGEXP","TOT","PC_GDP","A","2013",31.4417029714617,
"COL","GGEXP","TOT","PC_GDP","A","2014",31.7004914124076,
"COL","GGEXP","TOT","PC_GDP","A","2015",31.8027270061092,
"COL","GGEXP","TOT","PC_GDP","A","2016",31.6412011363978,
"COL","GGEXP","TOT","PC_GDP","A","2017",31.7975253973238,
"COL","GGEXP","TOT","PC_GDP","A","2018",33.5157943330117,
"COL","GGEXP","TOT","PC_GDP","A","2019",33.0224098831396,
"COL","GGEXP","TOT","PC_GDP","A","2020",37.2100660946673,
"CRI","GGEXP","TOT","PC_GDP","A","2012",30.7553237146466,
"CRI","GGEXP","TOT","PC_GDP","A","2013",32.0180738467795,
"CRI","GGEXP","TOT","PC_GDP","A","2014",31.8548449948459,
"CRI","GGEXP","TOT","PC_GDP","A","2015",31.9262710917054,
"CRI","GGEXP","TOT","PC_GDP","A","2016",32.424541984538,
"CRI","GGEXP","TOT","PC_GDP","A","2017",32.8068999391684,
"CRI","GGEXP","TOT","PC_GDP","A","2018",33.1759322261334,
"CRI","GGEXP","TOT","PC_GDP","A","2019",34.2720764587726,
"LTU","GGEXP","TOT","PC_GDP","A","1995",34.5948033808219,
"LTU","GGEXP","TOT","PC_GDP","A","1996",36.568585986845,
"LTU","GGEXP","TOT","PC_GDP","A","1997",50.2781220581029,
"LTU","GGEXP","TOT","PC_GDP","A","1998",41.1826556325908,
"LTU","GGEXP","TOT","PC_GDP","A","1999",40.8471516394483,
"LTU","GGEXP","TOT","PC_GDP","A","2000",39.4440177586326,
"LTU","GGEXP","TOT","PC_GDP","A","2001",37.1372272969392,
"LTU","GGEXP","TOT","PC_GDP","A","2002",35.1928138516055,
"LTU","GGEXP","TOT","PC_GDP","A","2003",33.6159834623463,
"LTU","GGEXP","TOT","PC_GDP","A","2004",34.0696645460701,
"LTU","GGEXP","TOT","PC_GDP","A","2005",34.1154259585651,
"LTU","GGEXP","TOT","PC_GDP","A","2006",34.3474415010378,
"LTU","GGEXP","TOT","PC_GDP","A","2007",35.2915538745892,
"LTU","GGEXP","TOT","PC_GDP","A","2008",38.1331740317512,
"LTU","GGEXP","TOT","PC_GDP","A","2009",44.9514201392417,
"LTU","GGEXP","TOT","PC_GDP","A","2010",42.3823593540043,
"LTU","GGEXP","TOT","PC_GDP","A","2011",42.5315272592973,
"LTU","GGEXP","TOT","PC_GDP","A","2012",36.1820746084978,
"LTU","GGEXP","TOT","PC_GDP","A","2013",35.5600837742307,
"LTU","GGEXP","TOT","PC_GDP","A","2014",34.7457751825048,
"LTU","GGEXP","TOT","PC_GDP","A","2015",35.1660046743496,
"LTU","GGEXP","TOT","PC_GDP","A","2016",34.238768641114,
"LTU","GGEXP","TOT","PC_GDP","A","2017",33.2279099970901,
"LTU","GGEXP","TOT","PC_GDP","A","2018",34.0062246796338,
"LTU","GGEXP","TOT","PC_GDP","A","2019",34.7381864646641,
"LTU","GGEXP","TOT","PC_GDP","A","2020",42.6771921468714,
"LTU","GGEXP","TOT","PC_GDP","A","2021",37.5000122202973,
